Power before,fibr,r,,STD of power
1.407152,4.410943,1.010701,9.99686,0.316687173
1.407152,4.398485,1.010701,9.993349,4.421406445
1.407152,4.392308,1.010701,9.990151,0.295812386
1.407152,4.355491,1.010701,9.989681,1.450695069
1.407861,4.351994,1.010701,9.98536,
1.413312,4.357235,1.010701,9.982472,
1.411152,4.402554,1.010701,9.978545,
1.411732,4.399311,1.010701,9.973707,
1.411027,4.396567,1.010701,9.968975,
1.410874,4.382652,1.010701,9.96342,
1.408015,4.376885,1.010701,9.956362,
1.406237,4.386383,1.010701,9.955694,
1.409415,4.374667,1.010701,9.952574,
1.41089,4.348122,1.010701,9.94357,
1.408017,4.353696,1.010701,9.936284,
1.406806,4.354647,1.010701,9.929575,
1.405533,4.367926,1.010701,9.922027,
1.405096,4.342682,1.010701,9.915009,
1.407326,4.330003,1.010701,9.908748,
1.40724,4.339154,1.010701,9.904004,
1.405144,4.360892,1.010701,9.896976,
1.409552,4.373422,1.010701,9.895168,
1.41034,4.35532,1.010701,9.890875,
1.404856,4.360446,1.009574,9.885888,
1.407079,4.345789,1.009421,9.882695,
1.408374,4.326993,1.009376,9.875746,
1.412575,4.341158,1.009518,9.868081,
1.410515,4.357584,1.009631,9.863209,
1.40765,4.366056,1.009594,9.858921,
1.408256,4.354201,1.009585,9.853605,
1.409023,4.337416,1.009577,9.850739,
1.405299,4.336796,1.00965,9.84392,
1.406376,4.333362,1.009707,9.839633,
1.40694,4.359985,1.009672,9.832601,
1.411232,4.352638,1.009725,9.832494,
1.409252,4.340123,1.009776,9.828425,
1.411635,4.352003,1.009803,9.827138,
1.412943,4.336013,1.009854,9.823652,
1.411232,4.333822,1.009871,9.818359,
1.40804,4.323972,1.009911,9.81116,
1.407605,4.307206,1.00994,9.808706,
1.407402,4.326326,1.010038,9.805862,
1.409907,4.325307,1.010184,9.795899,
1.407618,4.31824,1.010225,9.794267,
1.408624,4.321663,1.010306,9.78999,
1.40754,4.308901,1.010446,9.785503,
1.407881,4.296705,1.010558,9.783509,
1.409692,4.329784,1.010546,9.780711,
1.408565,4.316244,1.010612,9.779099,
1.406389,4.293362,1.010621,9.777818,
1.406725,4.311003,1.010585,9.774996,
1.407624,4.28007,1.010622,9.774572,
1.411829,4.275444,1.010709,9.774549,
1.408443,4.311456,1.01077,9.776169,
1.4071,4.296275,1.010747,9.774084,
1.40723,4.30795,1.010901,9.770386,
1.408239,4.314454,1.011079,9.766584,
1.408068,4.308801,1.011164,9.765454,
1.406876,4.285209,1.011201,9.762256,
1.408017,4.266273,1.01136,9.760283,
1.40819,4.288972,1.011565,9.75776,
1.408267,4.315713,1.011733,9.755582,
1.408601,4.309119,1.011875,9.755485,
1.40838,4.277022,1.011927,9.753616,
1.408156,4.314405,1.011994,9.75407,
1.407426,4.261841,1.012017,9.75171,
1.41092,4.247602,1.012071,9.748116,
1.41265,4.28152,1.012187,9.745449,
1.408916,4.289217,1.01225,9.746054,
1.410311,4.273492,1.012226,9.746902,
1.410698,4.2414,1.012207,9.746477,
1.408703,4.277725,1.012319,9.744368,
1.409441,4.271498,1.012407,9.742229,
1.408239,4.252583,1.01241,9.740457,
1.405261,4.24376,1.01247,9.737944,
1.406773,4.251119,1.012487,9.735468,
1.404355,4.257397,1.012663,9.730054,
1.40659,4.257169,1.012707,9.724956,
1.404363,4.269247,1.01273,9.724562,
1.405766,4.261911,1.012824,9.722271,
1.41271,4.24516,1.012864,9.717526,
1.408991,4.236696,1.012958,9.714086,
1.408905,4.233645,1.012941,9.710229,
1.407054,4.231879,1.012989,9.711926,
1.405236,4.231345,1.012968,9.705701,
1.404928,4.228374,1.013075,9.704968,
1.408595,4.227248,1.013105,9.705942,
1.407479,4.219217,1.013019,9.704877,
1.408331,4.250089,1.01296,9.703264,
1.40853,4.226656,1.013032,9.699246,
1.410499,4.205529,1.013009,9.695924,
1.408606,4.215258,1.013043,9.692917,
1.407488,4.226429,1.013105,9.687398,
1.409112,4.212159,1.013212,9.68543,
1.406421,4.192266,1.013265,9.682632,
1.407781,4.200181,1.013282,9.680533,
1.412855,4.186278,1.013319,9.678126,
1.413404,4.198588,1.013304,9.676317,
1.413379,4.237163,1.013271,9.673719,
1.411986,4.186134,1.013321,9.672544,
1.409322,4.193884,1.013342,9.669152,
1.409398,4.166836,1.013231,9.664875,
1.410653,4.178114,1.013194,9.664,
1.40553,4.180421,1.013204,9.659634,
1.4067,4.185638,1.013185,9.654557,
1.40753,4.189414,1.013173,9.652104,
1.407004,4.190136,1.013312,9.64998,
1.409123,4.169981,1.013258,9.648904,
1.413261,4.158069,1.013327,9.646517,
1.410732,4.166253,1.013326,9.643644,
1.406989,4.169406,1.013286,9.642002,
1.411992,4.177939,1.013087,9.639526,
1.411384,4.169852,1.013084,9.635628,
1.406811,4.155631,1.012924,9.634889,
1.411056,4.156206,1.013126,9.632532,
1.407819,4.139147,1.013112,9.628843,
1.406483,4.134506,1.013068,9.626711,
1.406431,4.131641,1.013113,9.622856,
1.410162,4.168074,1.012936,9.621078,
1.407034,4.175792,1.012902,9.619534,
1.414814,4.148088,1.012547,9.61556,
1.416291,4.145833,1.012341,9.61269,
1.416695,4.122089,1.01264,9.609463,
1.412524,4.137554,1.012413,9.605273,
1.410524,4.165588,1.012388,9.600386,
1.42109,4.129503,1.012499,9.600087,
1.416094,4.124517,1.011959,9.5977,
1.410797,4.136794,1.0119,9.5946,
1.420947,4.128753,1.011805,9.592974,
1.408375,4.120428,1.011807,9.590385,
1.409728,4.096115,1.011663,9.585305,
1.415772,4.104526,1.011614,9.583821,
1.416851,4.15069,1.011391,9.580766,
1.418816,4.119615,1.011325,9.577809,
1.424325,4.106855,1.011142,9.574974,
1.419011,4.10814,1.01108,9.569906,
1.415408,4.098002,1.010956,9.568498,
1.413,4.096158,1.010511,9.566958,
1.421353,4.093716,1.010399,9.564917,
1.406219,4.086085,1.010098,9.562182,
1.410585,4.107969,1.010352,9.558959,
1.407366,4.102219,1.010121,9.558405,
1.411162,4.088147,1.009777,9.55393,
1.412986,4.088578,1.009645,9.554898,
1.423426,4.093574,1.009455,9.552723,
1.421477,4.087205,1.009215,9.551295,
1.418617,4.091975,1.008886,9.549038,
1.417048,4.092136,1.008629,9.546272,
1.415047,4.093608,1.008498,9.54431,
1.414161,4.104771,1.00817,9.542959,
1.413659,4.109211,1.008383,9.542656,
1.420071,4.069922,1.008248,9.54147,
1.418136,4.080769,1.007895,9.538224,
1.417166,4.085272,1.007726,9.535092,
1.415139,4.098168,1.007551,9.533333,
1.41457,4.082117,1.007255,9.533912,
1.411987,4.069268,1.006959,9.53316,
1.412385,4.083861,1.006788,9.53308,
1.411606,4.09141,1.006599,9.53023,
1.419909,4.074115,1.006502,9.532041,
1.419888,4.049184,1.006341,9.532061,
1.412576,4.045728,1.006189,9.528589,
1.410784,4.039879,1.005799,9.528867,
1.412683,4.052053,1.005573,9.529291,
1.414813,4.061716,1.005355,9.529114,
1.418375,4.066261,1.005052,9.527358,
1.416165,4.058032,1.004802,9.527162,
1.418703,4.046458,1.004396,9.527922,
1.415973,4.041075,1.00402,9.524213,
1.412882,4.042499,1.004017,9.525975,
1.410943,4.042711,1.003588,9.528744,
1.412994,4.030767,1.00341,9.530049,
1.414204,4.041191,1.003188,9.527439,
1.410756,4.042775,1.002645,9.528221,
1.420546,4.043719,1.002198,9.52734,
1.424977,4.036626,1.001795,9.528559,
1.41112,4.044509,1.001644,9.530275,
1.41218,4.048166,1.001286,9.529843,
1.418195,4.039636,1.000889,9.529899,
1.41682,4.045181,1.000576,9.527721,
1.418878,4.036207,1.000259,9.52668,
1.415946,4.040612,,9.526151,
1.4131,4.034362,,9.529832,
1.410104,4.02862,,9.529816,
1.414835,4.037416,,9.527544,
1.416254,4.040084,,9.532738,
1.417097,4.033647,,9.533778,
1.416138,4.036255,,9.536447,
1.41595,4.020236,,9.529251,
1.41749,4.028009,,9.535496,
1.415765,4.035363,,9.53413,
1.409388,4.027777,,9.533116,
1.416132,4.032152,,9.537478,
1.414392,4.031374,,9.537414,
1.417573,4.022757,,9.526673,
1.414828,4.028594,,9.530075,
1.411965,4.026491,,9.529927,
1.412828,4.016164,,9.532067,
1.410422,4.001708,,9.533216,
1.415386,4.003329,,9.535842,
1.421831,3.985538,,9.537576,
1.422034,3.993674,,9.539379,
1.420181,4.017071,,9.539296,
1.41919,4.023853,,,
1.412845,3.999781,,,
1.419128,3.994592,,,
1.414508,3.985394,,,
1.411688,3.98929,,,
1.420533,4.00732,,,
1.415438,4.001583,,,
1.412112,3.99725,,,
1.411486,3.985128,,,
1.416325,3.98907,,,
1.419845,3.990869,,,
1.416329,3.976969,,,
1.413216,3.980609,,,
1.411364,3.984392,,,
1.414316,3.994253,,,
1.414127,3.985405,,,
1.41314,3.969171,,,
1.412935,3.970135,,,
1.416529,3.976494,,,
1.417838,3.978638,,,
1.418388,3.97114,,,
1.41656,3.981368,,,
1.416361,3.992074,,,
1.414871,3.976921,,,
1.414289,3.968794,,,
1.413501,3.97542,,,
1.413543,3.991284,,,
1.415381,3.990292,,,
1.415659,3.983893,,,
1.415939,3.96169,,,
1.412653,3.977896,,,
1.412529,3.979818,,,
1.417281,3.974682,,,
1.419679,3.971296,,,
1.417675,3.951464,,,
1.413734,3.967555,,,
1.414621,3.970505,,,
1.417822,3.962471,,,
1.418768,3.962842,,,
1.418658,3.962867,,,
1.416515,3.956599,,,
1.414676,3.954193,,,
1.413294,3.952949,,,
1.415806,3.950587,,,
1.413604,3.944451,,,
1.412812,3.937653,,,
1.414736,3.934427,,,
1.414336,3.939238,,,
1.414418,3.954931,,,
1.413165,3.956524,,,
1.412535,3.958068,,,
1.412239,3.960954,,,
1.41472,3.963719,,,
1.418539,3.953145,,,
1.416643,3.955376,,,
1.41558,3.964732,,,
1.415491,3.97027,,,
1.412543,3.961576,,,
1.408102,3.95594,,,
1.421139,3.950271,,,
1.427969,3.948087,,,
1.414524,3.949585,,,
1.414814,3.95225,,,
1.417055,3.950112,,,
1.416161,3.949839,,,
1.413989,3.951919,,,
1.41573,3.954167,,,
1.42107,3.953617,,,
1.418514,3.949663,,,
1.41376,3.947664,,,
1.415368,3.945232,,,
1.421768,3.93976,,,
1.416373,3.935966,,,
1.419543,3.935771,,,
1.42201,3.939746,,,
1.417974,3.945378,,,
1.42003,3.943328,,,
1.416508,3.941106,,,
1.411381,3.931328,,,
1.420442,3.931691,,,
1.422731,3.939668,,,
1.419751,3.941265,,,
1.421097,3.949185,,,
1.418642,3.950466,,,
1.413932,3.926543,,,
1.41336,3.945196,,,
1.410102,3.927198,,,
1.41465,3.939062,,,
1.416294,3.940286,,,
1.415138,3.937223,,,
1.413157,3.95139,,,
1.414283,3.949825,,,
1.414842,3.938678,,,
1.41402,3.924128,,,
1.415262,3.931032,,,
1.413596,3.930944,,,
1.408241,3.934179,,,
1.412338,3.927225,,,
1.413267,3.934576,,,
1.414723,3.936934,,,
1.416752,3.936078,,,
1.415728,3.937428,,,
1.411001,3.940461,,,
1.403113,3.940147,,,
1.412356,3.926693,,,
1.416453,3.936789,,,
1.410268,3.93983,,,
1.416333,3.944783,,,
1.421076,3.939078,,,
1.421233,3.938364,,,
1.414092,3.938224,,,
1.412733,3.943471,,,
1.408161,3.945048,,,
1.409198,3.941208,,,
1.410512,3.942771,,,
1.413391,3.938661,,,
1.419786,3.939198,,,
1.414809,3.93226,,,
1.414979,3.932055,,,
1.410623,3.936021,,,
1.41603,3.939136,,,
1.417463,3.936182,,,
1.416749,3.940276,,,
1.416085,3.94355,,,
1.41119,3.933819,,,
1.413773,3.928536,,,
1.416059,3.939763,,,
1.412636,3.947059,,,
1.411955,3.946847,,,
1.415311,3.956327,,,
1.418663,3.943347,,,
1.41304,3.955196,,,
1.419703,3.951239,,,
1.411086,3.94804,,,
1.410064,3.939373,,,
1.416012,3.938477,,,
1.415472,3.945125,,,
1.41305,3.95006,,,
1.407053,3.962687,,,
1.408402,3.963806,,,
1.40742,3.968796,,,
1.412857,3.965089,,,
1.41319,3.96579,,,
1.409182,3.961007,,,
1.416268,3.962428,,,
1.40923,3.969264,,,
1.412605,3.967389,,,
1.412005,3.968702,,,
1.409463,3.969033,,,
1.407653,3.968272,,,
1.410275,3.969928,,,
1.41338,3.967401,,,
1.411018,3.963317,,,
1.407817,3.98433,,,
1.412618,3.987788,,,
1.410356,3.991023,,,
1.414484,3.991662,,,
1.418642,3.981444,,,
1.414282,3.973435,,,
1.413818,3.9673,,,
1.409008,3.973165,,,
1.410193,3.97147,,,
1.414128,3.973868,,,
1.414551,3.972554,,,
1.416227,3.973263,,,
1.414384,3.974514,,,
1.412337,3.974109,,,
1.413581,3.980148,,,
1.41256,3.999445,,,
1.414481,3.989415,,,
1.41629,3.990139,,,
1.413632,3.987113,,,
1.41548,3.993852,,,
1.414119,3.995154,,,
1.40794,3.998761,,,
1.411125,3.999338,,,
1.413814,4.005504,,,
1.414261,4.007143,,,
1.415568,4.007617,,,
1.419131,4.001478,,,
1.413173,4.00387,,,
1.410207,4.015566,,,
1.413913,4.011363,,,
1.416564,4.006956,,,
1.419429,4.023912,,,
1.416667,4.015976,,,
1.415243,4.042312,,,
1.41165,4.02582,,,
1.410461,4.020441,,,
1.413006,4.024664,,,
1.414227,4.034343,,,
1.415402,4.038028,,,
1.415508,4.04749,,,
1.408931,4.04398,,,
1.415223,4.043544,,,
1.413859,4.042325,,,
1.410098,4.042971,,,
1.410439,4.031824,,,
1.412363,4.031503,,,
1.410483,4.03944,,,
1.411222,4.03739,,,
1.411334,4.03838,,,
1.413248,4.038857,,,
1.416533,4.038068,,,
1.416709,4.041501,,,
1.414812,4.049426,,,
1.414276,4.047523,,,
1.414372,4.039022,,,
1.411084,4.043502,,,
1.4128,4.057405,,,
1.414944,4.056406,,,
1.421104,4.060989,,,
1.426577,4.060461,,,
1.421524,4.073048,,,
1.417239,4.060268,,,
1.41945,4.082008,,,
1.411685,4.070247,,,
1.412501,4.0722,,,
1.418877,4.078861,,,
1.417231,4.071665,,,
1.423887,4.090559,,,
1.42585,4.094757,,,
1.420264,4.091666,,,
1.418446,4.087602,,,
1.421219,4.086329,,,
1.422054,4.083066,,,
1.418473,4.07856,,,
1.412509,4.085818,,,
1.411494,4.092335,,,
1.413669,4.096726,,,
1.413615,4.093012,,,
1.41832,4.100731,,,
1.418654,4.10386,,,
1.416883,4.100938,,,
1.413756,4.10924,,,
1.411253,4.104288,,,
1.4071,4.111401,,,
1.416837,4.115997,,,
1.410273,4.122575,,,
1.415839,4.118838,,,
1.417248,4.123838,,,
1.415943,4.126086,,,
1.415622,4.116942,,,
1.416132,4.121936,,,
1.41944,4.127675,,,
1.421069,4.125739,,,
1.415176,4.114277,,,
1.41249,4.136338,,,
1.409733,4.137806,,,
1.41006,4.129567,,,
1.411523,4.126753,,,
1.419734,4.130365,,,
1.419718,4.1282,,,
1.417186,4.143423,,,
1.410845,4.156305,,,
1.415854,4.156412,,,
1.413944,4.153773,,,
1.415381,4.151962,,,
1.415418,4.14148,,,
1.414304,4.144609,,,
1.414062,4.147907,,,
1.410278,4.147061,,,
1.410593,4.153745,,,
1.409988,4.162778,,,
1.407551,4.167738,,,
1.407947,4.168544,,,
1.412889,4.172027,,,
1.414113,4.178644,,,
1.411266,4.173244,,,
1.409616,4.178265,,,
1.410062,4.174151,,,
1.411757,4.188568,,,
1.412736,4.204735,,,
1.413037,4.187977,,,
1.411618,4.196697,,,
1.411666,4.185286,,,
1.411242,4.184224,,,
1.414128,4.203311,,,
1.414063,4.194101,,,
1.413689,4.200926,,,
1.413004,4.202917,,,
1.411514,4.20279,,,
1.406419,4.206982,,,
1.40313,4.202096,,,
1.407735,4.203461,,,
1.409572,4.213796,,,
1.413849,4.214308,,,
1.415518,4.215844,,,
1.417699,4.214267,,,
1.414113,4.214593,,,
1.412641,4.218614,,,
1.411409,4.208508,,,
1.417993,4.206711,,,
1.415218,4.221408,,,
1.425837,4.222489,,,
1.417127,4.227737,,,
1.411854,4.229774,,,
1.414609,4.215962,,,
1.410615,4.223037,,,
1.413197,4.232247,,,
1.418944,4.224072,,,
1.416482,4.220011,,,
1.420635,4.244189,,,
1.415822,4.253525,,,
1.416907,4.244475,,,
1.413859,4.245496,,,
1.414817,4.247251,,,
1.413989,4.256987,,,
1.415166,4.256004,,,
1.416285,4.273613,,,
1.417104,4.267751,,,
1.421577,4.269568,,,
1.410234,4.266291,,,
1.415314,4.270072,,,
1.420016,4.278443,,,
1.418049,4.274638,,,
1.411909,4.283888,,,
1.411308,4.292167,,,
1.413181,4.293455,,,
1.415768,4.296501,,,
1.414743,4.30302,,,
1.415657,4.301202,,,
1.414594,4.293797,,,
1.413864,4.291469,,,
1.41324,4.287275,,,
1.410352,4.292429,,,
1.412172,4.301336,,,
1.411553,4.300312,,,
1.411941,4.303876,,,
1.413212,4.306893,,,
1.412762,4.313356,,,
1.40723,4.300593,,,
1.405883,4.309235,,,
1.408815,4.312796,,,
1.411236,4.31333,,,
1.412765,4.304727,,,
1.411816,4.307549,,,
1.411857,4.310584,,,
1.407672,4.318044,,,
1.408831,4.325452,,,
1.415605,4.328003,,,
1.413663,4.321474,,,
1.412394,4.321395,,,
1.410556,4.325962,,,
1.409343,4.322617,,,
1.415465,4.325359,,,
1.418706,4.330724,,,
1.415786,4.322504,,,
1.411792,4.326258,,,
1.410989,4.334435,,,
1.415262,4.333107,,,
1.410671,4.342058,,,
1.408384,4.336913,,,
1.406463,4.34919,,,
1.409997,4.350936,,,
1.414472,4.349957,,,
1.413033,4.347251,,,
1.413056,4.351088,,,
1.413581,4.348594,,,
1.410625,4.36069,,,
1.407571,4.361675,,,
1.410026,4.362469,,,
1.414057,4.35583,,,
1.41378,4.358545,,,
1.412273,4.357613,,,
1.407798,4.364694,,,
1.405722,4.371573,,,
1.412061,4.370258,,,
1.414072,4.371257,,,
1.4109,4.372038,,,
1.412779,4.37678,,,
1.412218,4.379002,,,
1.41506,4.391246,,,
1.413968,4.381515,,,
1.410153,4.379761,,,
1.412812,4.385011,,,
1.414019,4.38334,,,
1.417338,4.383439,,,
1.416086,4.383386,,,
1.415399,4.379942,,,
1.409573,4.390089,,,
1.411477,4.393555,,,
1.420292,4.391271,,,
1.412958,4.395189,,,
1.416732,4.400341,,,
1.4142,4.399553,,,
1.408607,4.399249,,,
1.408433,4.406039,,,
1.413387,4.406918,,,
1.409077,4.406493,,,
1.413648,4.40868,,,
1.409406,4.410603,,,
1.409576,4.417933,,,
1.412599,4.417335,,,
1.412851,4.421363,,,
1.410445,4.422269,,,
1.415793,4.418234,,,
1.416302,4.420619,,,
1.413491,4.429166,,,
1.412254,4.42807,,,
1.408841,4.428466,,,
1.410809,4.431405,,,
1.40856,4.431647,,,
1.411038,4.435045,,,
1.412336,4.432049,,,
1.415753,4.429817,,,
1.414095,4.434853,,,
1.41682,4.435389,,,
1.416847,4.471395,,,
1.412468,4.440788,,,
1.411857,4.436057,,,
1.413252,4.433263,,,
1.4143,4.442481,,,
1.410931,4.428557,,,
1.413006,4.455881,,,
1.413962,4.470889,,,
1.413945,4.443908,,,
1.413877,4.443467,,,
1.413738,4.454149,,,
1.411896,4.433815,,,
1.407635,4.458247,,,
1.407364,4.467661,,,
1.410733,4.458801,,,
1.412479,4.453811,,,
1.418441,4.457637,,,
1.414757,4.452379,,,
1.413207,4.46123,,,
1.417342,4.46312,,,
1.409414,4.454257,,,
1.409952,4.449901,,,
1.411431,4.45312,,,
1.413092,4.462428,,,
1.411057,4.465171,,,
1.409864,4.473271,,,
1.408056,4.471184,,,
1.408966,4.469073,,,
1.417026,4.484742,,,
1.42191,4.482697,,,
1.421261,4.471792,,,
1.40958,4.467468,,,
1.409035,4.479002,,,
1.407022,4.482565,,,
1.410806,4.468548,,,
1.413351,4.464257,,,
1.406069,4.4682,,,
1.407102,4.47101,,,
1.410044,4.471104,,,
1.410603,4.469214,,,
1.404236,4.46664,,,
1.407576,4.465187,,,
1.412835,4.47228,,,
1.410123,4.471498,,,
1.409422,4.470936,,,
1.412209,4.472648,,,
1.407274,4.471042,,,
1.410717,4.468952,,,
1.406703,4.471483,,,
1.404997,4.469771,,,
1.410855,4.469412,,,
1.413177,4.47182,,,
1.408954,4.46868,,,
1.406211,4.472856,,,
1.407459,4.476243,,,
1.408266,4.470296,,,
1.408966,4.467242,,,
1.408557,4.473739,,,
1.406656,4.472571,,,
1.405741,4.467074,,,
1.403269,4.467344,,,
1.406896,4.472085,,,
1.409289,4.477401,,,
1.402072,4.477406,,,
1.406175,4.478964,,,
1.404345,4.47792,,,
1.402766,4.477492,,,
1.40396,4.473753,,,
1.404889,4.474281,,,
1.404242,4.477983,,,
1.405896,4.48307,,,
1.411364,4.479125,,,
1.410238,4.474216,,,
1.408583,4.484254,,,
1.406451,4.482176,,,
1.408326,4.480887,,,
1.408518,4.487798,,,
1.409485,4.485546,,,
1.400565,4.485991,,,
1.403777,4.485227,,,
1.40411,4.489023,,,
1.405635,4.484506,,,
1.408783,4.481721,,,
1.412895,4.477463,,,
1.410105,4.478699,,,
1.407321,4.483047,,,
1.405881,4.486215,,,
1.406588,4.485987,,,
1.405816,4.485842,,,
1.406473,4.487099,,,
1.40481,4.489237,,,
1.409804,4.487476,,,
1.409893,4.48731,,,
1.407757,4.495914,,,
1.407812,4.496158,,,
1.400346,4.488803,,,
1.405411,4.48556,,,
1.408751,4.491403,,,
1.416303,4.492952,,,
1.413236,4.49273,,,
1.408781,4.490102,,,
1.406501,4.486651,,,
1.406807,4.494305,,,
1.411134,4.488005,,,
1.410871,4.487288,,,
1.411761,4.485759,,,
1.406748,4.484675,,,
1.406745,4.483718,,,
1.409129,4.479856,,,
1.412318,4.473768,,,
1.417309,4.477541,,,
1.417521,4.480192,,,
1.411307,4.481739,,,
1.407705,4.484644,,,
1.40819,4.477019,,,
1.405237,4.478843,,,
1.407545,4.485583,,,
1.410289,4.490646,,,
1.408118,4.492913,,,
1.403997,4.478226,,,
1.405264,4.481019,,,
1.405497,4.481096,,,
1.403027,4.473638,,,
1.410035,4.473094,,,
1.411486,4.474091,,,
1.411583,4.471124,,,
1.407073,4.474228,,,
1.402165,4.475879,,,
1.394817,4.472916,,,
1.396602,4.474843,,,
1.400231,4.474752,,,
1.405861,4.476374,,,
1.409674,4.477702,,,
1.416243,4.477622,,,
1.408625,4.476583,,,
1.40558,4.477652,,,
1.407905,4.475563,,,
1.415181,4.473682,,,
1.408891,4.470666,,,
1.401749,4.475833,,,
1.403021,4.46952,,,
1.40144,4.474175,,,
1.409105,4.476232,,,
1.405066,4.474766,,,
1.410774,4.471441,,,
1.415149,4.46989,,,
1.413564,4.470899,,,
1.408778,4.472941,,,
1.408991,4.465394,,,
1.404623,4.460384,,,
1.411058,4.461768,,,
1.407937,4.463749,,,
1.414463,4.462953,,,
1.403011,4.464983,,,
1.411007,4.463755,,,
1.417001,4.464917,,,
1.413525,4.463204,,,
1.408374,4.463728,,,
1.404418,4.460911,,,
1.403288,4.460108,,,
1.407589,4.462305,,,
1.405355,4.464722,,,
1.407743,4.461241,,,
1.406318,4.456842,,,
1.418253,4.454744,,,
1.413609,4.448573,,,
1.407648,4.453769,,,
1.415387,4.455442,,,
1.4151,4.454145,,,
1.409631,4.464448,,,
1.407464,4.455928,,,
1.418547,4.45098,,,
1.419412,4.452085,,,
1.412339,4.452255,,,
1.403661,4.448967,,,
1.400457,4.446116,,,
1.398602,4.445102,,,
1.409216,4.447444,,,
1.405461,4.448751,,,
1.409118,4.456622,,,
1.411007,4.448312,,,
1.408423,4.452349,,,
1.408026,4.453312,,,
1.41165,4.451407,,,
1.410495,4.447972,,,
1.412225,4.447782,,,
1.406093,4.447323,,,
1.412026,4.445485,,,
1.400634,4.447012,,,
1.407021,4.446569,,,
1.410717,4.44485,,,
1.408831,4.445159,,,
1.408839,4.44326,,,
1.412062,4.441701,,,
1.40486,4.446126,,,
1.407299,4.441724,,,
1.412647,4.438716,,,
1.415729,4.436126,,,
1.411169,4.436988,,,
1.414904,4.434033,,,
1.40665,4.433723,,,
1.404228,4.430607,,,
1.407757,4.434348,,,
1.416971,4.435212,,,
1.414983,4.431617,,,
1.410085,4.430248,,,
1.401559,4.430212,,,
1.399243,4.425713,,,
1.405699,4.430959,,,
1.407365,4.436589,,,
1.409652,4.435166,,,
1.413393,4.43134,,,
1.41099,4.431,,,
1.403429,4.428821,,,
1.404937,4.425486,,,
1.404344,4.424992,,,
1.403723,4.421402,,,
1.408682,4.426755,,,
1.407448,4.435292,,,
1.408185,4.424305,,,
1.406256,4.413652,,,
1.401034,4.416552,,,
1.402509,4.415117,,,
1.40451,4.421527,,,
1.408941,4.415585,,,
1.411492,4.415301,,,
1.407792,4.416943,,,
1.401496,4.414955,,,
1.403786,4.413872,,,
1.404526,4.413236,,,
1.40758,4.411322,,,
1.411428,4.412794,,,
1.408639,4.410525,,,
1.406862,4.409659,,,
1.406713,4.406989,,,
1.40478,4.402172,,,
1.402275,4.401054,,,
1.413204,4.399253,,,
1.411145,4.39795,,,
1.413212,4.402824,,,
1.407454,4.406369,,,
1.402274,4.407398,,,
1.407372,4.399927,,,
1.412015,4.402554,,,
1.407447,4.396657,,,
1.406272,4.399949,,,
1.407821,4.402563,,,
1.405635,4.398217,,,
1.402924,4.400909,,,
1.402083,4.395272,,,
1.406186,4.390003,,,
1.406476,4.395472,,,
1.404109,4.391795,,,
1.404139,4.390626,,,
1.408374,4.389127,,,
1.407103,4.386897,,,
1.412022,4.387978,,,
1.414604,4.384009,,,
1.410951,4.382479,,,
1.411624,4.383864,,,
1.413426,4.386776,,,
1.4088,4.385168,,,
1.403144,4.377651,,,
1.401396,4.378776,,,
1.405217,4.380668,,,
1.407566,4.374843,,,
1.404724,4.374521,,,
1.405387,4.379591,,,
1.40868,4.378926,,,
1.404842,4.375846,,,
1.404328,4.375452,,,
1.410676,4.373731,,,
1.411616,4.374856,,,
1.40701,4.375617,,,
1.407751,4.377284,,,
1.410823,4.368003,,,
1.404064,4.366715,,,
1.404325,4.367947,,,
1.405877,4.364578,,,
1.40811,4.363128,,,
1.412022,4.361517,,,
1.40656,4.360524,,,
1.403153,4.359064,,,
1.406226,4.35875,,,
1.410802,4.35972,,,
1.412361,4.359785,,,
1.409104,4.359667,,,
1.406516,4.355219,,,
1.403221,4.354136,,,
1.401608,4.352106,,,
1.403515,4.34945,,,
1.406121,4.347507,,,
1.405623,4.345078,,,
1.408677,4.34352,,,
1.410354,4.343868,,,
1.41064,4.340837,,,
1.413633,4.337325,,,
1.41207,4.336388,,,
1.410967,4.333457,,,
1.411626,4.330342,,,
1.410583,4.326999,,,
1.409637,4.342476,,,
1.406739,4.332811,,,
1.400589,4.329034,,,
1.396953,4.333614,,,
1.405945,4.329287,,,
1.408884,4.322368,,,
1.408433,4.322213,,,
1.406528,4.321295,,,
1.404864,4.318811,,,
1.404049,4.316656,,,
1.406339,4.31522,,,
1.406259,4.313464,,,
1.407742,4.312292,,,
1.408106,4.311331,,,
1.405826,4.306732,,,
1.40634,4.302652,,,
1.406524,4.303947,,,
1.409161,4.302394,,,
1.410595,4.299119,,,
1.408721,4.297156,,,
1.405297,4.296237,,,
1.404859,4.296516,,,
1.405298,4.293803,,,
1.408796,4.291626,,,
1.409244,4.289993,,,
1.40858,4.287318,,,
1.406091,4.284583,,,
1.406883,4.283309,,,
1.406556,4.282502,,,
1.407554,4.281731,,,
1.410214,4.27867,,,
1.411218,4.272918,,,
1.411894,4.271703,,,
1.411605,4.269423,,,
1.408966,4.268269,,,
1.406604,4.263338,,,
1.407652,4.260004,,,
1.406514,4.261316,,,
1.407899,4.260665,,,
1.408768,4.256924,,,
1.408597,4.251449,,,
1.408196,4.2517,,,
1.407555,4.236581,,,
1.408064,4.248114,,,
1.410149,4.242781,,,
1.411621,4.23757,,,
1.414243,4.231234,,,
1.414475,4.231903,,,
1.411504,4.233584,,,
1.41055,4.226798,,,
1.411837,4.226417,,,
1.411408,4.223869,,,
1.409888,4.219978,,,
1.410901,4.216495,,,
1.410836,4.21517,,,
1.410668,4.213294,,,
1.409685,4.210668,,,
1.410042,4.206755,,,
1.411492,4.200802,,,
1.412294,4.199668,,,
1.412051,4.198344,,,
1.410005,4.198623,,,
1.408276,4.19603,,,
1.407497,4.193854,,,
1.409015,4.190675,,,
1.411015,4.18862,,,
1.411775,4.185319,,,
1.412352,4.182392,,,
1.412629,4.179986,,,
1.41026,4.177479,,,
1.407757,4.175326,,,
1.409013,4.171619,,,
1.411391,4.168794,,,
1.412202,4.166986,,,
1.41084,4.16372,,,
1.409055,4.160737,,,
1.40787,4.156144,,,
1.40748,4.151625,,,
1.409174,4.151641,,,
1.410616,4.151747,,,
1.410861,4.148413,,,
1.410535,4.144839,,,
1.409594,4.141998,,,
1.409038,4.13986,,,
1.40956,4.138409,,,
1.411659,4.137898,,,
1.413412,4.138084,,,
1.413011,4.136012,,,
1.412342,4.13153,,,
1.411403,4.126866,,,
1.411587,4.123101,,,
1.412194,4.119565,,,
1.413227,4.118559,,,
1.414001,4.117474,,,
1.413544,4.111988,,,
1.412054,4.109978,,,
1.411206,4.116665,,,
1.410697,4.110214,,,
1.411887,4.105797,,,
1.414148,4.101762,,,
1.414979,4.104014,,,
1.414393,4.095593,,,
1.412414,4.09362,,,
1.410533,4.096305,,,
1.409679,4.093265,,,
1.410453,4.087315,,,
1.411866,4.086614,,,
1.412573,4.085423,,,
1.411864,4.08589,,,
1.411324,4.081377,,,
1.411452,4.080178,,,
1.412907,4.076568,,,
1.413652,4.07522,,,
1.414405,4.075235,,,
1.41426,4.067961,,,
1.413029,4.068052,,,
1.410928,4.062187,,,
1.410314,4.064672,,,
1.411016,4.065702,,,
1.411876,4.065873,,,
1.412824,4.060001,,,
1.412547,4.05636,,,
1.411386,4.051644,,,
1.410555,4.055724,,,
1.410413,4.054044,,,
1.411963,4.051526,,,
1.412795,4.047724,,,
1.413502,4.043668,,,
1.413672,4.043098,,,
1.412671,4.036627,,,
1.411317,4.043113,,,
1.410513,4.04022,,,
1.410375,4.040685,,,
1.412052,4.037163,,,
1.413672,4.041976,,,
1.413684,4.036936,,,
1.411956,4.037457,,,
1.4103,4.033008,,,
1.410185,4.031863,,,
1.41104,4.031602,,,
1.412771,4.025023,,,
1.41359,4.026114,,,
1.413026,4.027295,,,
1.411879,4.027762,,,
1.411255,4.021717,,,
1.409391,4.019644,,,
1.408406,4.018973,,,
1.410273,4.020063,,,
1.410519,4.018255,,,
1.409594,4.01566,,,
1.409591,4.014017,,,
1.408812,4.016366,,,
1.408059,4.018351,,,
1.408384,4.017588,,,
1.409582,4.017321,,,
1.410826,4.016441,,,
1.410422,4.012877,,,
1.409721,4.007394,,,
1.408847,4.006561,,,
1.408694,4.00901,,,
1.410309,4.008457,,,
1.412712,4.000785,,,
1.412919,4.009886,,,
1.41158,4.009164,,,
1.409668,4.008749,,,
1.410134,4.008467,,,
1.410036,4.011016,,,
1.411404,4.009981,,,
1.413429,4.012715,,,
1.413696,4.007867,,,
1.413168,4.003301,,,
1.411876,3.999068,,,
1.410357,3.998365,,,
1.409688,3.997886,,,
1.411699,3.99757,,,
1.410212,3.997066,,,
1.414069,3.994488,,,
1.415375,3.999285,,,
1.41173,3.995385,,,
1.410061,3.994114,,,
1.410699,3.99522,,,
1.410348,3.994472,,,
1.411331,3.99571,,,
1.411983,3.993346,,,
1.409952,3.992832,,,
1.406529,3.990457,,,
1.40907,3.991502,,,
1.410017,3.991735,,,
1.408793,3.993081,,,
1.410703,3.993605,,,
1.411683,3.991673,,,
1.410399,3.991534,,,
